Código,Nome,Volume,Última (R$),Variação
HAPV3,Hapvida,112.962.200,2,62,-6,43%
B3SA3,B3,107.873.700,10,35,-4,17%
MGLU3,Magazine Luiza,83.124.700,3,31,-3,78%
ABEV3,Ambev,68.236.900,14,33,-3,31%
COGN3,Cogna,65.877.300,1,87,+2,75%
VIIA3,Via,60.845.500,1,88,-2,59%
BBDC4,Banco Bradesco,60.770.800,13,17,-1,57%
PETR4,Petrobras,59.547.800,23,45,-2,17%
ITUB4,Itaú Unibanco,57.750.800,24,72,+0,49%
LREN3,Lojas Renner,50.297.100,16,57,-6,07%
CIEL3,Cielo,40.691.400,4,85,-3,00%
NTCO3,Natura,31.128.200,13,20,-3,23%
GMAT3,Grupo Mateus,27.740.800,5,72,-3,54%
CVCB3,CVC,26.914.400,3,11,-4,89%
ASAI3,Assaí,26.076.900,15,54,-2,69%
RAIZ4,Raízen,25.812.800,2,85,-1,38%
AMER3,Americanas,24.347.600,1,00,-0,99%
VALE3,Vale,22.401.600,80,29,-1,87%
ITSA4,Itaúsa,20.995.000,8,22,+0,74%
LIGT3,Light,20.087.200,2,44,+19,02%
SOMA3,Grupo Soma,19.843.900,8,11,-7,00%
VBBR3,Vibra Energia,19.037.200,14,41,+1,55%
CCRO3,Grupo CCR,18.363.200,12,80,+2,81%
BEEF3,Minerva,18.299.100,10,54,-5,39%
MRVE3,MRV,17.397.800,6,38,-7,13%
PETR3,Petrobras,16.946.500,26,49,-2,18%
BRFS3,BRF,16.299.700,6,21,-5,48%
CASH3,Méliuz,14.625.400,1,01,+0,00%
CPLE6,COPEL,14.604.800,6,94,-1,00%
ANIM3,Ânima Educação,14.397.300,2,51,+0,00%
SUZB3,Suzano,14.233.900,41,60,-3,37%
CMIG4,CEMIG,13.668.300,11,44,+0,79%
RAIL3,Rumo,13.402.400,18,85,-1,05%
HYPE3,Hypera,12.785.700,37,70,-4,75%
TIMS3,TIM,12.611.000,12,58,-4,04%
CSAN3,Cosan,12.518.100,15,09,-2,71%
AMAR3,Lojas Marisa,12.354.900,0,64,+1,59%
USIM5,Usiminas,11.792.800,7,29,-0,27%
GGBR4,Gerdau,11.354.700,25,29,-0,82%
PRIO3,PetroRio,10.983.400,31,19,-3,59%
WEGE3,WEG,10.897.600,40,55,-3,13%
RENT3,Localiza,10.608.000,53,40,-2,94%
CRFB3,Carrefour Brasil,10.417.900,12,39,-1,82%
ENEV3,Eneva,10.328.000,10,47,-2,06%
PETZ3,Petz,9.777.400,6,20,-5,20%
ELET3,Eletrobras,9.719.300,33,28,-1,83%
GOAU4,Metalúrgica Gerdau,9.527.800,11,83,-1,17%
GOLL4,GOL,9.444.300,6,68,-0,15%
AZUL4,Azul,9.440.600,12,03,-0,74%
MLAS3,Multilaser,9.092.800,1,37,-2,14%
EQTL3,Equatorial Energia,9.059.900,26,96,-0,41%
JBSS3,JBS,9.025.500,17,85,-1,98%
UGPA3,Ultrapar,8.556.300,13,96,+2,35%
BBAS3,Banco do Brasil,8.450.100,39,11,+0,26%
ALSO3,Aliansce Sonae,8.245.400,17,60,-2,49%
CMIN3,CSN Mineração,8.000.000,4,84,+1,26%
RADL3,RaiaDrogasil,7.783.300,24,45,-1,89%
DXCO3,Dexco,7.742.700,5,88,-3,29%
LWSA3,Locaweb,7.669.300,4,79,-1,64%
RDOR3,Rede D'Or,7.319.100,21,24,-4,54%
EMBR3,Embraer,7.123.600,20,79,-0,91%
CSNA3,Siderúrgica Nacional,7.108.100,15,44,-0,52%
MRFG3,Marfrig,7.104.500,6,64,-2,06%
MOVI3,Movida,6.927.000,8,09,+3,06%
BBSE3,BB Seguridade,6.921.100,32,51,-0,18%
ALPA4,Alpargatas,6.458.800,8,15,-3,09%
QUAL3,Qualicorp,6.398.900,3,68,-6,36%
VULC3,Vulcabras,6.145.200,12,08,-1,63%
TOTS3,Totvs,6.075.200,28,16,-1,47%
OIBR3,Oi,6.018.900,1,07,-3,60%
POMO4,Marcopolo,6.003.900,3,18,-3,34%
CYRE3,Cyrela,6.000.100,14,08,-0,78%
EGIE3,ENGIE,5.932.100,40,17,-0,45%
VIVR3,Viver,5.458.100,0,40,-2,44%
KLBN4,Klabin,5.364.400,3,63,-1,09%
BBDC3,Banco Bradesco,5.229.200,11,85,-0,67%
LJQQ3,Lojas Quero-Quero,4.998.100,4,13,+4,03%
RRRP3,3R Petroleum,4.962.000,29,47,-3,00%
STBP3,Santos Brasil,4.718.900,8,12,-0,49%
MULT3,Multiplan,4.549.400,24,64,-1,20%
YDUQ3,YDUQS,4.418.800,7,05,-3,29%
ECOR3,EcoRodovias,4.162.500,5,18,+1,37%
HBSA3,Hidrovias do Brasil,3.964.800,2,15,+0,00%
BPAN4,Banco Pan,3.950.600,5,10,-0,39%
ARZZ3,Arezzo,3.822.300,63,51,-3,69%
AERI3,Aeris,3.744.800,1,18,-1,67%
TEND3,Construtora Tenda,3.624.000,4,79,-2,44%
ONCO3,Oncoclínicas,3.623.000,8,13,+4,77%
SIMH3,Simpar,3.486.600,7,48,-0,80%
EZTC3,EZTEC,3.263.700,12,18,-2,64%
SEQL3,Sequoia Logística,3.236.800,2,04,-5,99%
GRND3,Grendene,3.212.900,7,19,-2,18%
JHSF3,JHSF,3.189.100,3,70,-2,63%
GUAR3,Guararapes,3.155.700,4,30,-4,44%
VIVT3,Vivo,3.134.700,38,49,-3,51%
SBFG3,Grupo SBF,3.070.300,8,30,-4,38%
INTB3,Intelbras,3.009.500,22,86,-3,46%
CEAB3,C&A,2.922.500,2,79,-3,46%
BRAP4,Bradespar,2.908.200,26,82,-1,07%
ENBR3,EDP Brasil,2.824.600,22,34,-0,09%
RAPT4,Randon,2.766.100,7,51,-0,27%
RECV3,PetroRecôncavo,2.662.200,20,33,-4,55%
ESPA3,Espaçolaser,2.609.200,1,01,+1,00%
AESB3,AES Brasil,2.538.600,9,94,-0,10%
CPFE3,CPFL Energia,2.477.600,31,65,-0,66%
ODPV3,Odontoprev,2.467.800,11,00,-0,81%
TRPL4,Transmissão Paulista,2.333.000,21,67,-0,09%
VAMO3,Grupo Vamos,2.315.000,13,35,-3,61%
MDIA3,M. Dias Branco,2.275.700,25,22,-1,98%
BRKM5,Braskem,2.257.200,19,36,-1,17%
SAPR4,Sanepar,2.229.200,3,63,-0,27%
MYPK3,Iochpe-Maxion,2.219.100,12,00,-0,83%
BRSR6,Banrisul,2.176.000,10,00,+0,40%
CBAV3,CBA,2.146.200,7,58,-0,26%
GGPS3,GPS,2.110.100,12,10,-1,31%
ENAT3,Enauta,2.049.800,11,33,-0,09%
VIVA3,Vivara,2.008.800,22,10,-4,62%
SBSP3,Sabesp,1.994.800,50,61,-0,65%
PCAR3,Grupo Pão de Açúcar,1.960.600,14,73,-1,93%
POSI3,Positivo,1.931.400,7,59,-0,39%
CAML3,Camil Alimentos,1.860.900,6,80,-3,82%
CURY3,Cury,1.826.900,12,83,-0,16%
SMTO3,São Martinho,1.817.400,27,02,-1,10%
CXSE3,Caixa Seguridade,1.795.200,8,80,+0,00%
FLRY3,Fleury,1.755.100,14,52,-2,02%
CSMG3,COPASA,1.696.600,15,73,-0,94%
PSSA3,Porto Seguro,1.684.400,23,52,-0,63%
DIRR3,Direcional,1.678.600,15,98,-0,19%
IRBR3,IRB Brasil RE,1.633.100,22,24,+0,18%
EVEN3,Even,1.495.700,4,41,-0,90%
BMGB4,Banco BMG,1.446.500,2,06,+1,48%
LUPA3,Lupatech,1.436.300,3,84,-1,03%
MODL3,Banco Modal,1.430.100,1,60,-4,19%
NEOE3,Neoenergia,1.340.600,15,00,+0,33%
GFSA3,Gafisa,1.308.400,5,99,-0,83%
MEAL3,IMC Alimentação,1.279.200,1,94,-2,02%
SLCE3,SLC Agrícola,1.249.400,45,59,-0,15%
TECN3,Technos,1.239.200,3,08,+8,45%
JALL3,Jalles Machado,1.204.700,6,76,-5,06%
ELET6,Eletrobras,1.202.600,36,28,-0,60%
KLBN3,Klabin,1.158.200,3,64,-1,36%
WIZC3,Wiz Soluções,1.123.500,5,88,+7,50%
MILS3,Mills,1.104.900,9,61,-3,12%
CPLE3,COPEL,1.101.800,6,24,-0,48%
TASA4,Taurus,1.065.700,16,18,-1,22%
ENJU3,Enjoei,1.010.200,0,90,+2,27%
SMFT3,Smart Fit,1.004.600,13,34,-2,27%
TRIS3,Trisul,980.300,3,06,+0,66%
RANI3,Irani,976.100,8,62,-0,12%
TRAD3,Traders Club,975.300,0,95,+0,00%
NGRD3,Neogrid,960.300,1,10,-2,65%
INEP3,Inepar,937.400,1,07,-1,83%
MBLY3,Mobly,856.800,1,91,-0,52%
PTBL3,Portobello,845.700,6,02,-4,60%
ABCB4,Banco ABC Brasil,840.600,16,83,-1,00%
RCSL3,Recrusul,801.900,4,20,+1,94%
BOAS3,Boa Vista,798.800,7,55,+0,27%
ROMI3,Indústrias ROMI,792.900,18,27,+2,07%
SHOW3,Time For Fun,789.300,1,70,+0,59%
CSED3,Cruzeiro do Sul Educacional,777.800,2,10,-2,33%
SOJA3,Boa Safra Sementes,761.100,11,94,-9,27%
KEPL3,Kepler Weber,719.800,17,73,-2,10%
AMBP3,Ambipar,716.600,21,22,-2,57%
TTEN3,3tentos,680.400,12,21,-3,17%
MELK3,Melnick,638.100,3,00,+1,35%
TUPY3,Tupy,638.000,24,22,-0,57%
RCSL4,Recrusul,633.100,0,62,+0,00%
ZAMP3,BK Brasil,598.900,4,65,+0,00%
SAPR3,Sanepar,598.700,3,54,+0,00%
CLSA3,ClearSale,561.700,5,66,+3,85%
PNVL3,Dimed,540.000,9,64,-3,12%
SEER3,Ser Educacional,523.300,3,25,+1,88%
PGMN3,Pague Menos,518.300,3,10,-2,52%
KRSA3,Kora Saúde,488.000,1,02,+12,09%
INEP4,Inepar,485.000,0,84,-4,55%
IFCM3,Infracommerce,478.000,1,72,-8,51%
DESK3,Desktop,463.500,9,01,+4,77%
MDNE3,Moura Dubeux,463.000,5,00,-1,19%
ARML3,Armac,420.300,11,51,-1,79%
SHUL4,Schulz,418.000,4,43,-1,56%
LOGG3,LOG CP,416.600,15,81,-3,07%
ITUB3,Itaú Unibanco,404.000,21,04,+0,53%
UNIP6,Unipar,403.700,70,05,-1,46%
PLPL3,Plano&Plano,402.300,5,78,-1,53%
AGRO3,BrasilAgro,392.500,24,10,-0,04%
ETER3,Eternit,386.100,9,36,-1,47%
BRIT3,Brisanet,360.000,2,14,+1,90%
MATD3,Mater Dei,359.900,7,85,-0,13%
LEVE3,Mahle Metal Leve,354.000,30,52,+0,96%
PDGR3,PDG Realty,347.200,4,27,-3,61%
HBOR3,Helbor,319.500,2,04,-2,39%
JSLG3,JSL,315.300,6,60,-0,30%
CMIG3,CEMIG,311.600,17,12,+2,03%
DASA3,Dasa,301.700,7,47,-2,99%
SQIA3,Sinqia,297.000,15,74,+0,06%
SYNE3,SYN,295.800,3,19,+1,59%
FRAS3,Fras-le,292.800,9,29,+0,54%
TAEE4,Taesa,292.700,11,67,-0,09%
BMOB3,Bemobi,283.100,13,77,-1,78%
TFCO4,Track & Field,276.700,10,72,-3,16%
ORVR3,Orizon,274.300,36,66,+0,41%
ELMD3,Eletromidia,271.600,16,50,+2,68%
TGMA3,Tegma,265.800,18,26,+0,05%
BRPR3,BR Properties,255.300,234,38,+0,59%
MTRE3,Mitre Realty,242.300,3,44,+0,00%
OPCT3,OceanPact,236.500,3,00,+1,69%
USIM3,Usiminas,235.800,7,97,+0,00%
POMO3,Marcopolo,212.200,2,46,-0,81%
VLID3,Valid,206.600,9,62,-0,21%
VVEO3,Viveo,204.500,15,63,-1,26%
FESA4,Ferbasa,201.300,53,02,+0,21%
LAVV3,Lavvi Incorporadora,197.300,5,10,-0,58%
BLAU3,Blau Farmacêutica,195.100,24,10,-2,35%
ITSA3,Itaúsa,189.700,8,33,+0,97%
PARD3,Hermes Pardini,187.400,19,79,-1,93%
AZEV4,Azevedo & Travassos,187.300,1,40,-0,71%
NINJ3,GetNinjas,187.000,2,32,-5,31%
PORT3,Wilson Sons,172.500,9,62,-5,13%
WEST3,Westwing,171.400,1,18,-0,84%
PRNR3,PRINER,168.900,7,78,+2,91%
SGPS3,SPRINGS,155.400,1,12,+7,69%
VITT3,Vittia,154.100,11,59,+2,39%
VSTE3,LE LIS BLANC,150.500,16,00,+5,26%
TAEE3,Taesa,150.300,11,61,-0,09%
FIQE3,Unifique,148.500,3,35,-4,01%
APER3,Alper,140.800,25,39,-0,04%
CSUD3,CSU Cardsystem,137.900,9,68,+1,15%
AALR3,Alliar,132.200,22,53,-0,13%
LAND3,Terra Santa,128.400,26,39,+0,53%
PINE4,PINE,125.200,1,79,+3,47%
TPIS3,Triunfo,121.000,0,83,+1,22%
IGTI3,Iguatemi,110.600,2,43,-3,95%
IGTI3,Jereissati Participações,110.600,2,43,-3,95%
HBRE3,HBR Realty,100.000,3,87,-3,25%
SANB4,Banco Santander,85.300,14,33,+1,49%
SANB3,Banco Santander,85.000,12,53,+0,72%
PFRM3,Profarma,82.200,3,27,+0,62%
LOGN3,Log-In,74.500,38,11,-0,55%
DOTZ3,Dotz,71.200,0,81,-3,57%
DEXP3,Dexxos,66.300,7,48,-1,19%
RNEW4,Renova Energia,60.900,1,67,+3,73%
TCSA3,Tecnisa,60.200,2,78,-1,42%
LPSB3,Lopes,59.100,1,56,-0,64%
ENGI4,Energisa,52.900,6,93,-0,14%
ALPK3,Estapar,51.100,1,17,-2,50%
BRAP3,Bradespar,49.600,24,55,-1,17%
GOAU3,Metalúrgica Gerdau,43.100,11,07,-0,45%
LVTC3,WDC Networks,41.500,5,95,-3,25%
ALUP4,Alupar,41.000,9,06,-0,55%
FHER3,Fertilizantes Heringer,40.300,17,50,+0,00%
RSID3,Rossi Residencial,39.800,2,90,-6,45%
DMVF3,D1000 Varejo Farma,39.200,3,44,+0,58%
OIBR4,Oi,35.600,2,59,+0,00%
CTSA4,Santanense,35.600,0,98,-3,92%
AVLL3,Alphaville,35.500,3,14,+26,10%
CEBR6,CEB,33.700,13,39,+4,20%
PMAM3,Paranapanema,33.500,3,38,+0,00%
UNIP3,Unipar,33.000,66,30,-2,44%
UCAS3,Unicasa,27.000,2,42,+0,41%
ATMP3,ATMASA,26.000,1,35,+7,14%
GGBR3,Gerdau,24.600,22,33,-0,80%
BIOM3,Biomm,23.800,3,81,-1,55%
ALLD3,Allied,23.700,4,80,-1,64%
TASA3,Taurus,23.600,15,63,-2,50%
EUCA4,Eucatex,22.000,9,50,+1,06%
OFSA3,Ourofino Saúde Animal,21.500,24,75,+0,81%
CEBR3,CEB,21.500,13,14,+3,06%
RNEW3,Renova Energia,21.200,1,68,+3,07%
AGXY3,AgroGalaxy,20.800,8,01,-1,48%
ALUP3,Alupar,20.700,8,98,-2,92%
EALT4,Electro Aço Altona,20.600,6,70,-0,89%
RDNI3,RNI,18.100,5,37,+0,00%
ENGI3,Energisa,13.000,12,65,+4,81%
PTNT4,Pettenati,12.000,5,60,+3,70%
CTNM4,Coteminas,12.000,1,20,-0,83%
CAMB3,Cambuci,11.700,6,00,+6,38%
SLED4,Saraiva,11.000,0,96,+2,13%
AZEV3,Azevedo & Travassos,10.400,1,51,+0,67%
BEES3,Banestes,10.100,6,26,-0,16%
CTSA3,Santanense,9.800,1,50,-5,66%
CEDO4,Cedro Têxtil,9.100,3,60,+1,41%
HAGA4,Haga,8.800,1,02,+2,00%
PDTC3,Padtec,8.600,2,25,-0,88%
CRPG5,Tronox Pigmentos,8.100,27,00,-1,46%
BAZA3,Banco da Amazônia,8.000,70,00,+2,64%
CGRA4,Grazziotin,7.900,27,98,-2,85%
IGBR3,IGB S/A,6.900,96,99,+0,77%
BPAC3,Banco BTG Pactual,6.500,10,39,+1,86%
WHRL4,Whirlpool,5.600,4,42,+1,14%
BPAC5,Banco BTG Pactual,5.500,4,93,-0,60%
BEES4,Banestes,5.300,7,13,+2,00%
COCE5,Coelce,5.000,44,59,+0,22%
EQMA3B,Equatorial Maranhão,4.900,23,50,+0,00%
ATOM3,ATOM,4.600,2,85,+4,40%
BRKM3,Braskem,4.500,20,48,+0,44%
RAPT3,Randon,4.400,7,07,-0,70%
BOBR4,Bombril,4.200,1,20,+0,00%
HAGA3,Haga,3.900,1,92,+1,05%
CEBR5,CEB,3.700,13,00,+1,56%
BMEB4,Banco Mercantil do Brasil,3.500,10,05,+0,70%
MTSA4,METISA,2.900,40,93,+1,94%
ALPA3,Alpargatas,2.900,8,76,+1,74%
CLSC4,CELESC,2.700,49,07,+0,41%
MERC4,Mercantil do Brasil Financeira,2.600,7,50,+1,35%
MNDL3,Mundial,2.500,57,00,+0,00%
NEXP3,Brasil Brokers,2.500,4,04,-0,49%
MNPR3,Minupar,2.300,8,79,-1,24%
GEPA4,Rio Paranapanema Energia,2.200,23,61,-0,59%
IGTI4,Jereissati Participações,2.200,8,01,-11,00%
IGTI4,Iguatemi,2.200,8,01,-11,00%
BAHI3,Bahema,2.100,8,87,-3,48%
RPMG3,Refinaria de Manguinhos,2.100,1,62,+2,53%
RSUL4,Metalúrgica Riosulense,2.000,68,92,-1,49%
PTNT3,Pettenati,1.900,8,49,+0,59%
SLED3,Saraiva,1.900,7,22,+1,12%
CGRA3,Grazziotin,1.800,28,80,-0,66%
HOOT4,Hotéis Othon,1.800,1,12,-0,88%
TEKA4,Teka,1.700,16,46,-2,31%
EUCA3,Eucatex,1.700,9,55,-2,65%
EMAE4,EMAE,1.600,40,50,-3,43%
BRGE12,Consórcio Alfa,1.600,9,49,+0,11%
OSXB3,OSX BRASIL,1.600,7,00,-2,91%
MOAR3,Monteiro Aranha,1.400,429,00,-0,23%
SCAR3,São Carlos,1.300,14,87,+1,57%
TELB4,Telebrás,1.100,11,95,-0,25%
PLAS3,Plascar,1.100,8,00,-5,33%
ENMT3,Energisa MT,1.000,75,96,-0,04%
WLMM4,WLM,1.000,23,50,-1,47%
BRIV4,Alfa Investimento,900,9,50,+3,15%
UNIP5,Unipar,800,89,99,+6,95%
EKTR4,Elektro,800,36,93,-0,19%
CSRN3,COSERN,800,23,20,-10,77%
CTKA4,Karsten,800,7,10,+1,43%
TRPL3,Transmissão Paulista,700,27,65,-1,11%
BRSR3,Banrisul,700,11,13,+1,18%
EQPA3,Equatorial Pará,700,5,91,-5,14%
CGAS5,Comgás,600,128,03,+0,00%
DEXP4,Dexxos,600,6,69,+2,14%
TELB3,Telebrás,400,17,10,-2,29%
HETA4,Hercules,400,3,93,-2,72%
CGAS3,Comgás,300,120,75,+3,65%
PEAB4,Participações Aliança da Bahia,300,63,95,+0,00%
CSAB3,Cia. de Seg. Aliança da Bahia,300,28,40,-1,25%
CPLE5,COPEL,300,20,50,+0,99%
FRIO3,Metalfrio,300,20,00,+0,00%
MGEL4,Mangels,300,13,47,+4,42%
CRIV3,Alfa Financeira,300,5,15,-0,96%
CSAB4,Cia. de Seg. Aliança da Bahia,200,52,00,+14,69%
CLSC3,CELESC,200,48,38,+1,32%
GSHP3,General Shopping & Outlets,200,15,61,+0,58%
BMEB3,Banco Mercantil do Brasil,200,10,95,+3,20%
BRGE3,Consórcio Alfa,200,9,79,+1,45%
BRIV3,Alfa Investimento,200,9,46,+2,16%
MAPT4,Cemepe,200,6,82,-33,20%
REDE3,Rede Energia,200,5,19,+0,97%
BNBR3,Banco do Nordeste,100,81,00,+0,62%
LIPR3,Eletropar,100,70,05,+0,07%
CEEB3,COELBA,100,38,50,+0,00%
CRPG6,Tronox Pigmentos,100,27,60,+0,11%
JOPA3,Josapar,100,21,61,+0,05%
CEDO3,Cedro Têxtil,100,5,70,-1,72%
CRIV4,Alfa Financeira,100,5,22,+0,00%
WHRL3,Whirlpool,100,4,38,-0,68%
BMKS3,Monark,4,389,98,-0,01%
JFEN3,João Fortes,5.200,2,85,-4,04%
DOHL4,Döhler,3.000,4,23,-0,47%
MWET4,Wetzel,2.100,9,65,+1,47%
BGIP4,Banese,900,17,40,+3,82%
CRDE3,CR2,700,15,00,+0,33%
BMIN4,Banco Mercantil de Investimentos,700,11,80,-2,32%
CSRN5,COSERN,600,23,94,+0,04%
RPAD3,Alfa Holdings,600,6,52,-6,19%
TKNO4,Tekno,400,58,50,+0,00%
BSLI4,Banco de Brasília,400,11,15,+0,09%
AFLT3,Afluente T,200,8,81,-1,23%
EALT3,Electro Aço Altona,200,7,60,+5,26%
CEED3,CEEE D,100,30,90,+0,00%
FRTA3,Pomi Frutas,100,2,24,-0,88%
EPAR3,EPAR3,1.200,10,02,-3,84%
CTNM3,Coteminas,1.000,3,85,-3,75%
SNSY5,Sansuy,900,2,74,+8,73%
NORD3,Nordon,600,5,70,+0,00%
FESA3,Ferbasa,100,57,44,-0,49%
ESTR4,Estrela,100,41,00,-14,53%
BALM4,Baumer,100,9,70,-3,00%
CALI3,Adolpho Lindenberg,100,9,10,+0,00%
SNSY3,Sansuy,700,4,35,-0,46%
PEAB3,Participações Aliança da Bahia,300,30,03,-5,12%
PATI4,Panatlântica,200,39,00,-2,50%
USIM6,Usiminas,200,15,93,+4,46%
BSLI3,Banco de Brasília,200,12,60,-1,56%
EKTR3,Elektro,100,36,07,+0,19%
CSRN6,COSERN,100,24,00,+0,00%
BRKM6,Braskem,100,16,50,-10,81%
CBEE3,Ampla Energia,100,13,28,-1,70%
RPAD6,Alfa Holdings,100,6,70,+3,88%
CEEB5,COELBA,100,36,35,+0,72%
CEED4,CEEE D,100,30,00,-14,29%
GPAR3,CELGPAR,200,41,92,-8,87%
BMIN3,Banco Mercantil de Investimentos,600,16,45,-11,08%
ENMT4,Energisa MT,400,78,50,-2,88%
BALM3,Baumer,300,9,90,+0,00%
LUXM4,Trevisa,100,81,68,+0,22%
HBTS5,Habitasul,100,28,00,+3,70%
GEPA3,Rio Paranapanema Energia,100,22,74,-1,22%
BRSR5,Banrisul,100,15,19,-2,00%
BDLL4,Bardella,3.000,8,80,+0,00%
JOPA4,Josapar,100,37,40,+0,00%
MTSA3,METISA,200,75,00,+0,00%
BRGE8,Consórcio Alfa,100,9,70,+0,00%
BRGE11,Consórcio Alfa,100,9,22,-4,95%
MAPT3,Cemepe,100,30,05,-19,87%
DTCY3,Dtcom,100,5,30,+6,00%
BAUH4,Excelsior,400,80,15,-2,23%
SOND5,Sondotécnica,100,36,00,+0,00%
ELET5,Eletrobras,500,65,00,+0,00%
RPAD5,Alfa Holdings,300,6,95,+8,42%
PATI3,Panatlântica,100,50,60,+3,27%
EQPA7,Equatorial Pará,18.400,8,00,+0,00%
WLMM3,WLM,200,22,00,+2,33%
BRGE6,Consórcio Alfa,200,10,51,-12,42%
COCE3,Coelce,100,57,00,-1,21%
DMFN3,DMFN3,1.800,14,61,+0,00%
SOND6,Sondotécnica,600,32,35,+0,00%
MRSA5B,MRS Logística,100,27,00,+22,39%
WIZS3,WIZS3,779.400,7,16,+1,99%
LLIS3,LLIS3,249.800,1,73,+2,98%
MSPA3,Melhoramentos,400,46,25,-7,52%
BDLL3,Bardella,300,11,40,+0,00%
BRML3,BRMalls,16.132.900,8,26,+2,35%
DMMO3,Dommo Energia,3.254.800,1,76,-1,12%
EQPA5,Equatorial Pará,100,8,64,+0,93%
GETT3,Getnet,46.500,2,40,+1,27%
GETT4,Getnet,18.500,2,40,+1,27%
SULA4,SulAmérica,18.600,7,63,+5,53%
SULA3,SulAmérica,4.000,7,43,+1,50%
MSPA4,Melhoramentos,600,41,00,-0,85%
AHEB3,São Paulo Turismo,1.000,20,00,+0,05%
AHEB6,São Paulo Turismo,100,19,31,-3,45%
CTKA3,Karsten,200,21,46,-1,20%
BGIP3,Banese,100,26,40,-1,46%
MRSA6B,MRS Logística,200,23,06,+9,81%
BRGE5,Consórcio Alfa,800,11,53,+15,30%
CRPG3,Tronox Pigmentos,100,55,00,+27,91%
MRSA3B,MRS Logística,100,26,00,+4,00%
MWET3,Wetzel,100,29,98,-0,03%
DOHL3,Döhler,100,10,00,+0,00%
CEPE5,CELPE,100,40,12,+0,02%
MERC3,Mercantil do Brasil Financeira,100,15,11,-5,56%
TCNO4,Tecnosolo,36.800,0,85,-9,57%
TCNO3,Tecnosolo,3.400,1,20,-1,64%
CEPE6,CELPE,100,43,00,+6,17%
BKBR3,BKBR3,782.300,7,63,+0,26%
MTIG4,Metalgráfica Iguaçu,100,23,00,+0,00%
BLUT4,Blue Tech Solutions,171.100,1,52,-5,59%
BLUT3,Blue Tech Solutions,13.400,5,14,+0,59%
MODL4,Banco Modal,700,2,72,-2,16%
CARD3,CARD3,118.000,14,51,+1,82%
FIGE3,Investimentos Bemge,100,12,03,+99,83%
FNCN3,Finansinos,4.800,14,25,-0,35%
CASN3,CASAN,100,12,81,-14,66%
TEKA3,Teka,100,8,23,+1,73%
HETA3,Hercules,200,96,00,+0,00%
LCAM3,Locamerica,26.118.900,24,15,+1,86%
BIDI4,Banco Inter,52.496.400,3,41,-2,01%
BIDI3,Banco Inter,15.262.400,3,40,-2,58%
EEEL4,CEEE GT,100,410,00,-4,27%
EEEL3,CEEE GT,400,421,01,+5,25%
BBRK3,BBRK3,1.261.600,0,80,+1,27%
SOND3,Sondotécnica,200,46,01,+14,45%
CEGR3,Naturgy (CEG),100,89,00,+11,40%
CESP6,CESP,9.306.600,25,25,+1,41%
CESP3,CESP,11.500,25,55,+1,71%
CESP5,CESP,300,25,00,+2,75%
ECPR4,Encorpar,100,90,74,+0,42%
MOSI3,Mosaico,1.021.200,8,24,+3,00%
POWE3,Focus Energia,678.000,10,90,-2,24%
EQPA6,Equatorial Pará,600,10,69,+0,09%
ECPR3,Encorpar,300,90,25,+12,97%
GNDI3,NotreDame Intermédica,33.458.600,65,34,+0,00%
LAME4,Lojas Americanas,43.809.100,6,55,+2,02%
LAME3,Lojas Americanas,10.941.100,6,62,+2,95%
AHEB5,São Paulo Turismo,100,22,00,-11,89%
OMGE3,Omega Geração,834.900,27,57,-0,86%
IGTA3,IGTA3,1.641.100,33,13,+0,18%
JPSA3,JPSA3,100.100,29,02,+1,75%
BRDT3,BRDT3,24.483.500,22,03,-5,17%
JBDU4,JBDU4,2.556.100,1,36,+3,82%
JBDU3,JBDU3,1.890.100,3,12,+9,09%
HGTX3,Hering,7.519.800,37,50,-2,65%
CCPR3,CCPR3,328.200,10,16,-4,51%
DTEX3,DTEX3,2.875.600,20,63,-3,10%
VVAR3,VVAR3,65.670.600,11,30,-6,38%
PNVL4,Dimed,2.000,18,62,-2,67%
TESA3,Terra Santa,41.100,48,00,-2,74%
BTOW3,BTOW3,11.169.600,68,00,+4,15%
ESTR3,Estrela,100,40,00,+100,00%
LINX3,Linx,8.510.000,37,40,-0,27%
BTTL3,Embpar,6.100,19,72,-2,33%
GPCP3,GPCP3,698.100,49,00,-3,92%
GPCP4,GPCP4,5.300,45,51,-1,30%
SMLS3,Smiles,1.944.100,22,40,-1,71%
MMXM3,MMX Mineração,1.240.300,14,00,-30,35%
BSEV3,Biosev,528.800,9,00,+8,43%
CNTO3,CNTO3,2.083.600,28,08,+4,78%
TIET4,AES Tietê Energia,323.700,3,51,+1,15%
TIET3,AES Tietê Energia,169.100,3,49,+0,87%
CORR4,Corrêa Ribeiro,100,82,00,+18,84%
ODER4,Conservas Oderich,300,190,00,+0,00%
CEPE3,CELPE,1.300,128,00,+85,32%
CALI4,Adolpho Lindenberg,100,50,00,+4,17%
SNSY6,Sansuy,100,11,51,+4,64%
CASN4,CASAN,100,10,00,-16,67%
EMAE3,EMAE,100,26,01,+33,25%
BRGE7,Consórcio Alfa,100,5,40,+0,00%
BPAR3,Banpará,100,182,07,+20,58%
APTI4,Aliperti,200,3.500,00,-61,96%
VSPT3,FCA,1.000.000,4.999.999,50,+114,29%
MTIG3,Metalgráfica Iguaçu,400,156,30,+29,60%
FIGE4,Investimentos Bemge,100,38,01,-4,97%
LUXM3,Trevisa,200,10,00,+7,99%
TKNO3,Tekno,100,85,70,+10,64%
COCE6,Coelce,100,35,00,+16,63%
MGEL3,Mangels,100,75,00,+8,70%
CTSA8,Santanense,2.000,1,00,+0,00%
MMAQ4,Minasmáquinas,14,200,06,-28,55%
